<?xml version="1.0" encoding="utf-8"?>
<AppTemplateInfo xmlns:xsd="http://www.w3.org/2001/XMLSchema" xmlns:xsi="http://www.w3.org/2001/XMLSchema-instance">
  <AppResourceInfo Name="IxVM">
    <AppResources>
      <AppResource ModelName="IxVM Virtual Traffic Chassis 2G" Driver="IxVM Virtual Traffic Chassis 2G">
        <Attributes>
          <Attribute Name="CS_VirtualTrafficGeneratorChassis.License Server" Value="192.168.51.17" />
          <Attribute Name="CS_VirtualTrafficGeneratorChassis.Model Name" Value="" />
          <Attribute Name="CS_VirtualTrafficGeneratorChassis.Vendor" Value="" />
          <Attribute Name="CS_VirtualTrafficGeneratorChassis.Version" Value="" />
          <Attribute Name="IxVM Virtual Traffic Chassis 2G.Client Install Path" Value="" />
          <Attribute Name="IxVM Virtual Traffic Chassis 2G.Controller Address" Value="" />
          <Attribute Name="IxVM Virtual Traffic Chassis 2G.Controller TCP Port" Value="" />
          <Attribute Name="IxVM Virtual Traffic Chassis 2G.Password" Value="DxTbqlSgAVPmrDLlHvJrsA==" />
          <Attribute Name="IxVM Virtual Traffic Chassis 2G.Power Management" Value="True" />
          <Attribute Name="IxVM Virtual Traffic Chassis 2G.Serial Number" Value="" />
          <Attribute Name="IxVM Virtual Traffic Chassis 2G.Server Description" Value="" />
          <Attribute Name="IxVM Virtual Traffic Chassis 2G.User" Value="admin" />
        </Attributes>
      </AppResource>
    </AppResources>
    <DeploymentPaths>
      <DeploymentPath Name="vCenter - VCenter Deploy VM From Linked Clone" Default="false">
        <DeploymentService Name="VCenter Deploy VM From Linked Clone" CloudProvider="vCenter">
          <Attributes>
            <Attribute Name="vCenter VM" Value="Ixia/IxVM Template" />
            <Attribute Name="vCenter VM Snapshot" Value="Gold Snapshot" />
            <Attribute Name="VM Cluster" Value="" />
            <Attribute Name="VM Storage" Value="" />
            <Attribute Name="VM Resource Pool" Value="" />
            <Attribute Name="VM Location" Value="" />
            <Attribute Name="Auto Power On" Value="True" />
            <Attribute Name="Auto Power Off" Value="True" />
            <Attribute Name="Wait for IP" Value="True" />
            <Attribute Name="Auto Delete" Value="True" />
            <Attribute Name="Autoload" Value="True" />
            <Attribute Name="IP Regex" Value="" />
            <Attribute Name="Refresh IP Timeout" Value="600" />
          </Attributes>
        </DeploymentService>
      </DeploymentPath>
    </DeploymentPaths>
  </AppResourceInfo>
  <Categories>
    <Category>Applications</Category>
  </Categories>
</AppTemplateInfo>