<?xml version="1.0" encoding="utf-8"?>
<AppTemplateInfo xmlns:xsd="http://www.w3.org/2001/XMLSchema" xmlns:xsi="http://www.w3.org/2001/XMLSchema-instance">
  <AppResourceInfo Name="VyOS">
    <AppResources>
      <AppResource ModelName="Vyos" Driver="Vyos">
        <Attributes>
          <Attribute Name="Vyos.Configuration File" Value="" />
          <Attribute Name="Vyos.Enable SSH" Value="False" />
          <Attribute Name="Vyos.Password" Value="39OdixQODD2c14aUg9QbeQ==" />
          <Attribute Name="Vyos.Public IP" Value="" />
          <Attribute Name="Vyos.User" Value="vyos" />
        </Attributes>
      </AppResource>
    </AppResources>
    <DeploymentPaths>
      <DeploymentPath Name="vCenter - VCenter Deploy VM From Linked Clone" Default="false">
        <DeploymentService Name="VCenter Deploy VM From Linked Clone" CloudProvider="vCenter">
          <Attributes>
            <Attribute Name="vCenter VM" Value="Ixia\VyOS" />
            <Attribute Name="vCenter VM Snapshot" Value="Gold Snapshot" />
            <Attribute Name="VM Cluster" Value="" />
            <Attribute Name="VM Storage" Value="" />
            <Attribute Name="VM Resource Pool" Value="" />
            <Attribute Name="VM Location" Value="" />
            <Attribute Name="Auto Power On" Value="True" />
            <Attribute Name="Auto Power Off" Value="True" />
            <Attribute Name="Wait for IP" Value="True" />
            <Attribute Name="Auto Delete" Value="True" />
            <Attribute Name="Autoload" Value="True" />
            <Attribute Name="IP Regex" Value="" />
            <Attribute Name="Refresh IP Timeout" Value="600" />
          </Attributes>
        </DeploymentService>
      </DeploymentPath>
    </DeploymentPaths>
  </AppResourceInfo>
  <Categories>
    <Category>Applications</Category>
  </Categories>
</AppTemplateInfo>