<?xml version="1.0" encoding="utf-8"?>
<TopologyInfo xmlns:xsd="http://www.w3.org/2001/XMLSchema" xmlns:xsi="http://www.w3.org/2001/XMLSchema-instance">
  <Details Name="IxVM Sample" Alias="IxVM Sample" Driver="Python Setup &amp; Teardown" SetupDuration="10" TeardownDuration="10" Public="false" ImageName="IxVM Sample.jpg" DefaultDuration="120">
    <Description>Sample blueprint with IxVM and VyOS apps. Used with the Job Scheduling as an environment for the sample tests.</Description>
    <Instructions>&lt;p&gt;This blueprint is used for demoing the IxVM usage.&lt;/p&gt;&lt;p&gt;It is being used as part of the Job Scheduling but can be used manually as well.&lt;/p&gt;&lt;p&gt;In this blueprint there are 4 components:&lt;/p&gt;&lt;p&gt;1. IxVM app (virtual traffic ports) - being deployed as part of the setup, with 2 traffic NICs. &lt;br&gt;&lt;/p&gt;&lt;p&gt;2. Vyos app (virtual router) - being deployed as part of the setup, with 2 traffic NICs.&lt;/p&gt;&lt;p&gt;3. License pool - gets 2 available licenses per sandbox&lt;/p&gt;&lt;p&gt;4. IxNetwork Controller - used by the automation to get the details about the IxNetwork.&lt;/p&gt;&lt;p&gt;&lt;br&gt;&lt;/p&gt;&lt;p&gt;The 2 virtual apps are connected between them, and during the setup process, the link will be replaced by 2 links, connected to the deployed interfaces/ports.&lt;br&gt;&lt;/p&gt;&lt;p&gt;&lt;br&gt;&lt;/p&gt;</Instructions>
    <Categories />
    <Scripts>
      <Script Name="Default Sandbox Teardown 2.0" />
      <Script Name="Ixia Default Sandbox Setup" />
    </Scripts>
    <Diagram Zoom="1" NodeSize="Medium" />
  </Details>
  <AbstractResources>
    <AbstractResource PositionX="388" PositionY="318" Name="Ixia License Pool*" Shared="true" ResourceFamily="CS_GenericResource">
      <Quantity Published="false" Value="1" />
      <ResourceModels Published="false">
        <ResourceModel>Ixia License Pool</ResourceModel>
      </ResourceModels>
      <Attributes>
        <Requirement Name="CS_GenericResource.Model" Published="false">
          <Value>Ixia License Pool</Value>
        </Requirement>
        <Requirement Name="CS_GenericResource.Vendor" Published="false">
          <Value>Ixia</Value>
        </Requirement>
      </Attributes>
      <SubResources>
        <AbstractResource Name="License 01*" Shared="false" ResourceFamily="CS_Port">
          <Quantity Published="false" Value="1" />
          <ResourceModels Published="false">
            <ResourceModel>Ixia License Pool.ResourcePort</ResourceModel>
          </ResourceModels>
          <Attributes>
            <Requirement Name="CS_Port.Model Name" Published="false">
              <Value>Ixia License</Value>
            </Requirement>
            <Requirement Name="Ixia License Pool.ResourcePort.Application" Published="false">
              <Value>IxVM IxNetwork</Value>
            </Requirement>
          </Attributes>
        </AbstractResource>
        <AbstractResource Name="License 02*" Shared="false" ResourceFamily="CS_Port">
          <Quantity Published="false" Value="1" />
          <ResourceModels Published="false">
            <ResourceModel>Ixia License Pool.ResourcePort</ResourceModel>
          </ResourceModels>
          <Attributes>
            <Requirement Name="CS_Port.Model Name" Published="false">
              <Value>Ixia License</Value>
            </Requirement>
            <Requirement Name="Ixia License Pool.ResourcePort.Application" Published="false">
              <Value>IxVM IxNetwork</Value>
            </Requirement>
          </Attributes>
        </AbstractResource>
      </SubResources>
    </AbstractResource>
  </AbstractResources>
  <Services>
    <Service PositionX="388" PositionY="423" Alias="IxNetwork Controller" ServiceName="IxNetwork Controller">
      <Attributes>
        <Attribute Name="IxNetworkWeb" Value="" />
        <Attribute Name="Address" Value="IxNetworkLinuxServer" />
        <Attribute Name="Controller Address" Value="192.168.41.68" />
        <Attribute Name="Controller TCP Port" Value="" />
        <Attribute Name="Password" Value="54hKweHFkBB2PiKWMQimZ3TggVUGIImUIIg9pfEaWL0=" />
        <Attribute Name="User" Value="" />
      </Attributes>
    </Service>
  </Services>
  <Apps>
    <App PositionX="576" PositionY="142" TemplateName="IxVM">
      <AppResourceInfo Name="IxVM">
        <AppResources>
          <AppResource ModelName="IxVM Virtual Traffic Chassis 2G" Driver="IxVM Virtual Traffic Chassis 2G">
            <Attributes>
              <Attribute Name="CS_VirtualTrafficGeneratorChassis.License Server" Value="192.168.51.17" />
              <Attribute Name="CS_VirtualTrafficGeneratorChassis.Model Name" Value="" />
              <Attribute Name="CS_VirtualTrafficGeneratorChassis.Vendor" Value="" />
              <Attribute Name="CS_VirtualTrafficGeneratorChassis.Version" Value="" />
              <Attribute Name="IxVM Virtual Traffic Chassis 2G.Client Install Path" Value="" />
              <Attribute Name="IxVM Virtual Traffic Chassis 2G.Controller Address" Value="" />
              <Attribute Name="IxVM Virtual Traffic Chassis 2G.Controller TCP Port" Value="" />
              <Attribute Name="IxVM Virtual Traffic Chassis 2G.Password" Value="DxTbqlSgAVPmrDLlHvJrsA==" />
              <Attribute Name="IxVM Virtual Traffic Chassis 2G.Power Management" Value="True" />
              <Attribute Name="IxVM Virtual Traffic Chassis 2G.Serial Number" Value="" />
              <Attribute Name="IxVM Virtual Traffic Chassis 2G.Server Description" Value="" />
              <Attribute Name="IxVM Virtual Traffic Chassis 2G.User" Value="admin" />
            </Attributes>
          </AppResource>
        </AppResources>
        <DeploymentPaths>
          <DeploymentPath Name="vCenter - VCenter Deploy VM From Linked Clone" Default="true">
            <DeploymentService Name="VCenter Deploy VM From Linked Clone" CloudProvider="vCenter">
              <Attributes>
                <Attribute Name="vCenter VM" Value="Ixia/IxVM Template" />
                <Attribute Name="vCenter VM Snapshot" Value="Gold Snapshot" />
                <Attribute Name="VM Cluster" Value="" />
                <Attribute Name="VM Storage" Value="" />
                <Attribute Name="VM Resource Pool" Value="" />
                <Attribute Name="VM Location" Value="" />
                <Attribute Name="Auto Power On" Value="True" />
                <Attribute Name="Auto Power Off" Value="True" />
                <Attribute Name="Wait for IP" Value="True" />
                <Attribute Name="Auto Delete" Value="True" />
                <Attribute Name="Autoload" Value="True" />
                <Attribute Name="IP Regex" Value="" />
                <Attribute Name="Refresh IP Timeout" Value="600" />
              </Attributes>
            </DeploymentService>
          </DeploymentPath>
        </DeploymentPaths>
      </AppResourceInfo>
    </App>
    <App PositionX="969" PositionY="142" TemplateName="VyOS">
      <AppResourceInfo Name="VyOS">
        <AppResources>
          <AppResource ModelName="Vyos" Driver="Vyos">
            <Attributes>
              <Attribute Name="Vyos.Configuration File" Value="" />
              <Attribute Name="Vyos.Enable SSH" Value="False" />
              <Attribute Name="Vyos.Password" Value="39OdixQODD2c14aUg9QbeQ==" />
              <Attribute Name="Vyos.Public IP" Value="" />
              <Attribute Name="Vyos.User" Value="vyos" />
            </Attributes>
          </AppResource>
        </AppResources>
        <DeploymentPaths>
          <DeploymentPath Name="vCenter - VCenter Deploy VM From Linked Clone" Default="true">
            <DeploymentService Name="VCenter Deploy VM From Linked Clone" CloudProvider="vCenter">
              <Attributes>
                <Attribute Name="vCenter VM" Value="Ixia\VyOS" />
                <Attribute Name="vCenter VM Snapshot" Value="Gold Snapshot" />
                <Attribute Name="VM Cluster" Value="" />
                <Attribute Name="VM Storage" Value="" />
                <Attribute Name="VM Resource Pool" Value="" />
                <Attribute Name="VM Location" Value="" />
                <Attribute Name="Auto Power On" Value="True" />
                <Attribute Name="Auto Power Off" Value="True" />
                <Attribute Name="Wait for IP" Value="True" />
                <Attribute Name="Auto Delete" Value="True" />
                <Attribute Name="Autoload" Value="True" />
                <Attribute Name="IP Regex" Value="" />
                <Attribute Name="Refresh IP Timeout" Value="600" />
              </Attributes>
            </DeploymentService>
          </DeploymentPath>
        </DeploymentPaths>
      </AppResourceInfo>
    </App>
  </Apps>
  <Routes>
    <Connector Source="IxVM" Target="VyOS" Direction="Bi" SourceType="Service" TargetType="Service">
      <Attributes>
        <Attribute Name="Requested Target vNIC Name" Value="2,3" />
        <Attribute Name="Requested Source vNIC Name" Value="2,3" />
      </Attributes>
    </Connector>
  </Routes>
</TopologyInfo>