<?xml version="1.0" encoding="utf-8"?>
<DataModelInfo xmlns:xsd="http://www.w3.org/2001/XMLSchema" xmlns:xsi="http://www.w3.org/2001/XMLSchema-instance" xmlns="http://schemas.qualisystems.com/ResourceManagement/DataModelSchema.xsd">
  <Attributes>
    <AttributeInfo Name="IxNetworkWeb" Type="String" DefaultValue="" IsReadOnly="false">
      <Rules />
    </AttributeInfo>
    <AttributeInfo Name="Address" Type="String" DefaultValue="" IsReadOnly="false">
      <Rules />
    </AttributeInfo>
    <AttributeInfo Name="Controller Address" Type="String" DefaultValue="" Description="The IP address of the traffic server. Relevant only in case an external server is configured." IsReadOnly="false">
      <Rules>
        <Rule Name="Configuration" />
      </Rules>
    </AttributeInfo>
    <AttributeInfo Name="Controller TCP Port" Type="String" DefaultValue="" Description="The TCP port of the traffic server. Relevant only in case an external server is configured. Default TCP port should be used if kept empty." IsReadOnly="false">
      <Rules>
        <Rule Name="Configuration" />
      </Rules>
    </AttributeInfo>
    <AttributeInfo Name="Password" Type="Password" DefaultValue="3M3u7nkDzxWb0aJ/IZYeWw==" Description="" IsReadOnly="false">
      <Rules>
        <Rule Name="Configuration" />
      </Rules>
    </AttributeInfo>
    <AttributeInfo Name="User" Type="String" DefaultValue="" Description="" IsReadOnly="false">
      <Rules>
        <Rule Name="Configuration" />
      </Rules>
    </AttributeInfo>
    <AttributeInfo Name="Requested Target vNIC Name" Type="String" DefaultValue="" IsReadOnly="false">
      <Rules>
        <Rule Name="Link Configurations" />
      </Rules>
    </AttributeInfo>
    <AttributeInfo Name="Requested Source vNIC Name" Type="String" DefaultValue="" IsReadOnly="false">
      <Rules>
        <Rule Name="Link Configurations" />
      </Rules>
    </AttributeInfo>
  </Attributes>
  <ResourceFamilies>
    <ResourceFamily Name="Apps Orchestration" Description="" IsService="true" ServiceType="Orchestration" AllowRemoteConnection="false">
      <AttachedAttributes />
      <AttributeValues />
      <Models>
        <ResourceModel Name="Simple" Description="" SupportsConcurrentCommands="false">
          <AttachedAttributes />
          <AttributeValues />
          <ParentModels />
          <Drivers>
            <DriverName>Deployment Orchestrator</DriverName>
          </Drivers>
          <Scripts />
        </ResourceModel>
      </Models>
      <Categories />
    </ResourceFamily>
    <ResourceFamily Name="Traffic Generator Controller" Description="" IsService="true" ServiceType="Regular" AllowRemoteConnection="true">
      <AttachedAttributes />
      <AttributeValues />
      <Models>
        <ResourceModel Name="IxNetwork Controller" Description="Ixia IxNetwork controller" SupportsConcurrentCommands="true">
          <AttachedAttributes>
            <AttachedAttribute Name="IxNetworkWeb" IsOverridable="true" IsLocal="true">
              <AllowedValues />
            </AttachedAttribute>
            <AttachedAttribute Name="Address" IsOverridable="true" IsLocal="true" UserInput="true">
              <AllowedValues />
            </AttachedAttribute>
            <AttachedAttribute Name="Controller Address" IsOverridable="true" IsLocal="true">
              <AllowedValues />
            </AttachedAttribute>
            <AttachedAttribute Name="Controller TCP Port" IsOverridable="true" IsLocal="true" UserInput="true">
              <AllowedValues />
            </AttachedAttribute>
            <AttachedAttribute Name="Password" IsOverridable="true" IsLocal="true" UserInput="true">
              <AllowedValues />
            </AttachedAttribute>
            <AttachedAttribute Name="User" IsOverridable="true" IsLocal="true" UserInput="true">
              <AllowedValues />
            </AttachedAttribute>
          </AttachedAttributes>
          <AttributeValues>
            <AttributeValue Name="IxNetworkWeb" Value="/ixnetworkweb/sessions" />
            <AttributeValue Name="Address" Value="192.168.41.68" />
            <AttributeValue Name="Controller Address" Value="" />
            <AttributeValue Name="Controller TCP Port" Value="" />
            <AttributeValue Name="Password" Value="3M3u7nkDzxWb0aJ/IZYeWw==" />
            <AttributeValue Name="User" Value="" />
          </AttributeValues>
          <ParentModels />
          <Drivers>
            <DriverName>IxNetworkControllerDriver</DriverName>
          </Drivers>
          <Scripts />
        </ResourceModel>
      </Models>
      <Categories>
        <Category>Traffic Generator Controllers</Category>
      </Categories>
    </ResourceFamily>
  </ResourceFamilies>
  <DriverDescriptors>
    <DriverDescriptor Name="Deployment Orchestrator" Description="Deploy App" DriverType="PythonDriver" />
    <DriverDescriptor Name="IxNetworkControllerDriver" Description="Shell to setup and run Ixia traffic generator" DriverType="PythonDriver" />
    <DriverDescriptor Name="Python Setup &amp; Teardown" Description="This driver is used for running Python scripts in the environment setup and teardown. To use this driver, make sure you select a suitable setup and/or teardown script." DriverType="TestShellDriver" />
  </DriverDescriptors>
  <ScriptDescriptors>
    <ScriptDescriptor Name="Default Sandbox Teardown 2.0" CategoryName="Hidden Commands" Version="1.7.5.6 " Alias="Teardown script">
      <ScriptInputs />
    </ScriptDescriptor>
    <ScriptDescriptor Name="Ixia Default Sandbox Setup" CategoryName="Hidden Commands" Version="1.0.1" Alias="Setup script">
      <ScriptInputs />
    </ScriptDescriptor>
  </ScriptDescriptors>
</DataModelInfo>