<?xml version="1.0" encoding="utf-8"?>
<ResourceInfo xmlns:xsd="http://www.w3.org/2001/XMLSchema" xmlns:xsi="http://www.w3.org/2001/XMLSchema-instance" Name="vCenter" FolderFullPath="" Address="vCenterAddress" ModelName="VMware vCenter" Driver="VCenter Shell Driver" xmlns="http://schemas.qualisystems.com/ResourceManagement/ResourceSchema.xsd">
  <Attributes>
    <Attribute Name="OVF Tool Path" Value="C:\Program Files (x86)\VMware\VMware Workstation\OVFTool\ovftool.exe" />
    <Attribute Name="Reserved Networks" Value="" />
    <Attribute Name="Promiscuous Mode" Value="True" />
    <Attribute Name="User" Value="vcuser" />
    <Attribute Name="Password" Value="vcpass" />
    <Attribute Name="Default Datacenter" Value="dc" />
    <Attribute Name="VM Storage" Value="storage" />
    <Attribute Name="Holding Network" Value="Dummy" />
    <Attribute Name="VM Location" Value="Folder" />
    <Attribute Name="Default dvSwitch" Value="dvswitch" />
    <Attribute Name="VM Cluster" Value="ESXi Cluster" />
    <Attribute Name="VM Resource Pool" Value="" />
    <Attribute Name="Shutdown Method" Value="hard" />
    <Attribute Name="Execution Server Selector" Value="" />
  </Attributes>
  <ChildResources />
  <Connections />
</ResourceInfo>